Nama,Tanggal,Angka,Ulasan,label
rosalina tan,sebulan lalu,1,pemandangan cafe bagus. snack tidak enak. roti bakarnya sangat mengecewakan. dengan harga 15rb dpt 2potong. tapi rasa seperti murahan bahannya,NEGATIF
Lala Nell,sebulan lalu,1,Vibesnya dapat. Rasanya bukan selera sayağŸ™ğŸ»,NEGATIF
Nawaf,sebulan lalu,1,Ada beberapa harga yang tidak sesuai.,NEGATIF
siapa gw?,sebulan lalu,1,Elek banget pelayanannya,NEGATIF
Yevi Vanvan,sebulan lalu,1,Buruk banget pelayanannya,NEGATIF
Levzen Yevi,sebulan lalu,1,Buruk banget pelayanannya,NEGATIF
Gemers Levzen,sebulan lalu,1,Jelek sekali pelayanannya,NEGATIF
Yevi Julvan,sebulan lalu,1,Lol pelayanannya,NEGATIF
Nunuk Safitri,sebulan lalu,1,Aneh pelayanannya,NEGATIF
Cak sul 05,sebulan lalu,1,Sabun cuci tangan terkesan pelit... Mosok sabunnya nggak bisa berbusa sama sekali.. kebanyakan di campur air  #SedikitKritik,NEGATIF
BLAKMUS ID,sebulan lalu,1,"Untuk makanan lumayan enak walapun agak kecewa karena kerupuknya mepel, dan untuk tempat boleh lah lumayan bagus. Dan untuk layanannya kurang memuaskan karena untuk penyajiannya lumayan lama  membutuhkan waktu 1 jm lebih untuk menyajikan",NEGATIF
Ayu Syandra,3 bulan lalu,1,"Masakannya enak, cuma di bagian kuah bakso agak strong ladanya, dan pentol baksonya lumayan miniğŸ˜‚ â€¦",NEGATIF
Amjinc Retjeh,3 bulan lalu,1,"Bebek bakarnya kek sisa kemaren, dan sambelnya dingin beud kek baru dr kulkas",NEGATIF
Andi Sufyadi,3 bulan lalu,1,Suana nya kurang pas karena hujan,NEGATIF
Budi Mulyono,3 bulan lalu,1,"Bagus.Makanan lumayan cepat...Masakan lumayan juga, cm gak Recomended utk kepiting dan rajungan, krn gak di bersihkan dulu dalamnya.",NEGATIF
nia benas,5 bulan lalu,1,suasananya hanya cocok atau bagus pas malem karena pakai lampu. kalau siang serasa gersang banget. makanannya kurang diperhatikan kelezatannya. untuk yg diatas harga 5k worth it laah... tapi kalau cemilan masih blom sesuai seleraku sih. dan untuk voucher wifi.nya gak guna karena lemot banget,NEGATIF
Dias ayu,6 bulan lalu,1,Kurang cahaya penerangan,NEGATIF
Hendra Garero,6 bulan lalu,1,Kasirnya butuh evalialuasi jutek bngt,NEGATIF
Hotif Syah,6 bulan lalu,1,Kurang sopan juru parkirnya.....,NEGATIF
Warda Syah,6 bulan lalu,1,Tukang parkir nya tidak ramah sama sekali/songong tidak sopan.......,NEGATIF
Bambang Siswoadi,6 bulan lalu,1,Sea footnya kurang fresh...,NEGATIF
ahmad riezal,7 bulan lalu,1,Makanannya skrg kurang enak gak kayak dulu,NEGATIF
burhan 321,8 bulan lalu,1,Bagi saya nasi nya terlalu mahal kerna terlalu sedikit malah di jual dengan harga 5 rb minuman nya juga Ter lalu mahal mahal,NEGATIF
AbutosX Vlogs,8 bulan lalu,1,Tukang parkirnya tolong di bina biar sopan!!!,NEGATIF
totok hariono,8 bulan lalu,1,"Suasana dan pemandangan Ã© bagus, hanya saja kita harus monitor yang telah kita pesan ..., lha wong ditanyakan ke petugas kok dijawab apakah sudah ada di daftar menu? Pisang kÃ¨ju lama tidak diantar, dan setelah ditanyakan dibilangnya habis",NEGATIF
Aisyah Aminy,9 bulan lalu,1,Lama penyajiannya,NEGATIF
Laina Com.,10 bulan lalu,1,"Bagus,tapi kasirnya sedikit jutek",NEGATIF
Chaca 5 _ Bagas 1,10 bulan lalu,1,"View sangat bagus, masakan enak cuma porsinya sedikit",NEGATIF
ASTRI RINO OKVITASARI,10 bulan lalu,1,"Tempat makan nya bagus dengan view laut. Kemarin pesan kepiting saus telur asin, sayang nya disini ga menyediakan alat untuk makan kepiting pada umumnya, jadi susah banget makan kepiting nya. Pesan ca tauge, tauge nya kosong trus d ganti ca sawi, ternyata sawi biasa bukan sawi pokcoi, mana asin banget.",NEGATIF
Maz Dopunk,10 bulan lalu,1,Viewernya bagus.harga lebih sedikit mahal. Untuk rasa tidak begitu enak dan tidak begitu tidak enak.,NEGATIF
Dedy Anwar,10 bulan lalu,1,"Pelayanan lambat, menunggu makanan datang sampai 1jam lebih",NEGATIF
Nur Ismanto,11 bulan lalu,1,menu kurang kumplit,NEGATIF
ali tantowi,11 bulan lalu,1,"karyawannya sangat tidak sopan... masak ngasih minuman nyaris mau di lempar...
kita memang bukan raja tapi setidaknya ramah kepada pengunjung yang sudah mengeluarkan uang dan mempercayakan isi pertunya kepada tempat ini...",NEGATIF
Hairul Anam Yahya,11 bulan lalu,1,"Makanannnya biasa aja, malah rujak kelang asin bumbunya,",NEGATIF
Mr.ShadoW,11 bulan lalu,1,Terlalu mahal,NEGATIF
Iim Fernandez,setahun lalu,1,Kecewa pesen cumi pete di bilang trnyata pas kluar gk ada petenya ğŸ˜¡ â€¦,NEGATIF
Mufid Qiqi,setahun lalu,1,Beli ayam bakar dan ayam goreng. Cuma makannya dingin dan berair jadi tidak enak di makan.,NEGATIF
yesinovitasimatupang 09,setahun lalu,1,"Suasana nya baguss, untuk buat foto-foto , untuk makanan termasuk biasa pelayanan sangat lambat banget klo saya untuk makan kurang recomended, tapi klo buat foto-foto ok lah",NEGATIF
cahaya frozen,setahun lalu,1,Tempat oke tetapi kenapa masakan tdk sama rasa ya,NEGATIF
Yanti Siregar,setahun lalu,1,"Ikan bakarnya sebenarnya cukup segar tapi bumbunya terlalu manis, kurang direkomendasi untuk penyuka makanan pedas. Sayur toge dan tumis kangkungnya kurang bumbu dan tampilannya kurang menarik.",NEGATIF
S. Hendri,setahun lalu,1,Tempat bagus tapi menu kurang memuaskan,NEGATIF
Jubek 2020,setahun lalu,1,"Pengalaman terburuk, baru kali ini kecewa banget sama rumah makan asela ini.padahal dari dulu suka banget makan di tempat ini. Sudah jauh2 macet juga dijalan, pas nyampek hidangannya sangat mengecewakan.Tepatnya tgl 6 Mei kmi rombongan mkn disini.Semua tidak sesuai dgn harga. Tolong kalo semua bahannya sudah habis tutup saja. Jangan menghidangkan hidangan yg sangat tdk masuk akal dgn harganya.",NEGATIF
Firman Darmawan,setahun lalu,1,"Menu masakannya serba lengkap, cuma penyajiannya lumayan lama, bagi yg udah kelaperan mah, bisa bikin emosi",NEGATIF
Nidaul Haq,setahun lalu,1,"Keren buat, tapi makanan meeeh banget, mahal kurang enak. Antrian juga ribet.",NEGATIF
Masden Hp,setahun lalu,1,"Jangan datang kesini pas liburan lebaran seperti sekarang, porsi nasi goreng berkurang separuh, harga naik 40%, saya kecewa",NEGATIF
Alphasya,setahun lalu,1,Sangat tidak memuaskan. Minum ga ada rasa. Sambal ga ada. Pelayanan lama.,NEGATIF
Rudy Harianto,setahun lalu,1,Biasa aja untuk rasa nya...dan terlalu lama untuk menunggu bisa masuknya..,NEGATIF
Hirzan Rosyadi,setahun lalu,1,Pelayanannya kurang baik saya pesan dari jam 19:00 yang mau dateng pesanannya jam 20:00 lebih pelayannya kurang memperhatikan pesanan pelanggan jadi dari saya pribadi dan keluarga cukup memberikan bintang 1,NEGATIF
Badrus Sholeh Salim,setahun lalu,1,"Pemandangannya cukup bagus, bersih, dan banyak spot foto. Tapi pelayanannya tidak kompeten, cukup lama menunggu pesanan. Saya berharap ini memiliki lebih banyak karyawan dan manajemen yang lebih baik. Beberapa spot memiliki pemandangan yang mengganggu seperti ""buanglah sampah di tempatnya"". Saya pikir itu perlu diganti ke tempat yang seharusnya.",NEGATIF
Logito I.W,setahun lalu,1,"Tempatnya bagus buat yang hobby selfy. Namun terkesan agak kotor. Petugas kebersihannya kurang banyak atau kurang peka akan kebersihan.
Menu makanannya juga biasa dan cita rasanya juga biasa biasa saja.",NEGATIF
Rosid Raeder,setahun lalu,1,"Di Bulan Ramadhan Menjelang Buka Puasa
Di sarankan agar menyediakan tukang adzan",NEGATIF
Martinus Natadiredja,setahun lalu,1,"Mantab...makan di tepi laut, ada spot2 foto yg unik...hanya...cara pelayan menyajikan makanan harus ditraining lagi, terutama ""table maners""nya...",NEGATIF
niya swift,setahun lalu,1,"Kesekian kalinya ke sini karena tempatnya nyaman, tapi hari ini tidak beruntung, mesen jus jambu dan rasanya gak enak (busuk)",NEGATIF
Slamet Riski,setahun lalu,1,"Tmptnya enak..
View nya kl jam sunset it pasti bagus banget..
Sayang masakanya rasanya kurang.. â€¦",NEGATIF
dian kusuma Dewi (Dastan M Dien Izzat),setahun lalu,1,"Lokasi ok, tempat selfie & nongkrong ok, pemandangan keren. Makanan standar & utk ukuran di madura agak mahal sih. Menu udang / kerang / cumi antara 30-50rb. Ada bebek, ayam goreng. Menurut saya makanannya terlalu dimodifikasi jadi malah  kurang nikmat. Misal: cumi asam manis, cuminya pake digoreng dulu dgn tepung. Begitu juga dengan kerangnya, jadi agak aneh & rasa seafoodnya hilang. Bagi yg tdk butuh makan enak, cuma nongkiÂ² cantik dgn kel ato preweed, ini tempat yg cocok & recommended",NEGATIF
Dapur Saleho,setahun lalu,1,Belum mau pulang. Meja uda di geser2 untuk orang lain yg baru booking tempat. Piring dan es teh masih ada belum abis uda di ambilin smua. Kayak mau ngusir. Padahal kita baru selesai makan. Kecewa,NEGATIF
Dhita Valentina Winggardini,setahun lalu,1,"Tempat oke, tp untuk makanan adduh ga enak mohon maaf ..",NEGATIF
Lora Sakban And Families,setahun lalu,1,Buruk karena kasir dan pelayanan nya kurang bersahaja dan terkesan judes serta sombong dalam memberikan pelayanan kepada para pelanggan yang memesannya,NEGATIF
Nur Afifah,setahun lalu,1,pelayanan ga banget,NEGATIF
aldi pmi,setahun lalu,1,view nya instagramable bgt cuma makanannya kurang segar jadi aga kecewa,NEGATIF
desy indahkusuma,setahun lalu,1,"Harganya sangat terjangkau & lumayan mahal..
Beda, klo yg dulu murah & gk buat kantong kering.
Kalo skrg klo pgn ke asela hrs kudu nyangu uang bnyak",NEGATIF
karimah rofik,setahun lalu,1,"Bnr2 sangat kecewa dengan pengalaman kami kemaren, aq sudah tidak bisa ngasih bintang 4 lagi ğŸ˜¤ğŸ˜¤ğŸ˜¤ğŸ¤¬ğŸ¤¬ â€¦",NEGATIF
Rima Rofik,setahun lalu,1,"Aku sudah tudak bisa memberikan bintang 4 lagi, karena Sangat mengecewakan, mereka tidak konsisten ğŸ˜¤ğŸ˜¤ğŸ˜¤ğŸ¤¬ğŸ¤¬ğŸ¤¬ â€¦",NEGATIF
afif hasan,setahun lalu,1,buruk ,NEGATIF
Moh Mahrus,setahun lalu,1,Tidak paham,NEGATIF
jum alia92,setahun lalu,1,"Pelayanan lumayan lama, rempah rempahnya kurang pas.",NEGATIF
Mas Hafid,setahun lalu,1,"Bagus sih hanya agak mahal dikit
Coba saja sedikit dikurangi harganya
Yang sekiranya ramah dikantong â€¦",NEGATIF
Don SR Muakkat,setahun lalu,1,"Mengapa bintang 3 Karena rasa makanan di tempat ini tidak stabil. Klu lgi rame merasa down, pelayanan buruk, sering tidak sesuai pesanan dan pesanan lama juga. Tapi pas dipacking, makanannya enak, cepat juga.. mungkin manajemennya perlu  â€¦",NEGATIF
asy'ari 24,setahun lalu,1,Cuma kotor,NEGATIF
Umar Faruk,setahun lalu,1,Pelayananx lemot,NEGATIF
Mei Santi,setahun lalu,1,"Lokasinya bagus dengan pemandangan yang indah. Untuk makanannya beragam pilihan, bisa disesuaikan dengan anggaran yang di miliki",NEGATIF
Alfata Raudlatul Ulum,setahun lalu,1,Emangnya kenapa asela ?,NEGATIF
Nurul Iman,setahun lalu,1,"View nya bagus, cuman makanannya kurang ok",NEGATIF
Rafidh Rabbani,setahun lalu,1,"Makanan keluar terlalu lama padahal saat sepi, pelayanan kurang ramah, antrian makanan tidak sesuai... Saya datang duluan, tapi makanan keluar paling lama dari pelanggan lain â€¦",NEGATIF
wishol arham,setahun lalu,1,"Tempat bagus, nyaman, disuguhi pemandangan lautan,. Tapi sayang, aku pas kesana pelayannya kurang enakan. Naruh pedanan gitu aja tanpa melihat pelanggan dan tanpa sepatah katapun,. Perlu ditekankan lagi,. Pelayanan itu penting,.",NEGATIF
Agus Gibran,2 tahun lalu,1,Masukan : mohon untuk nemperhatikan masakan jangan cuman tempat saja yg dibagusin,NEGATIF
Zainenda 1191,2 tahun lalu,1,"Dulu makanan disini enak sesuai harga sesuai semboyan nya ""MAKAN SENANG JIWA TENANG "" sekrang minum nya kacau klw jeruk dah mau busuk jgan di kasih boss sama banyak semutnya sumpah gak saya minum,terus sambel nya dulu sambel nya di goreng sekarang mentah gak enak ,masak orang suruh minum jeruk busuk ,tolong lah di perbaiki jgan asal ngasih ke costumer",NEGATIF
rahman abd,2 tahun lalu,1,"tempatnya asyik buat foto.
ayam bakarnya mantap...",NEGATIF
Abdul Muqit,2 tahun lalu,1,Management order kurang memuaskan,NEGATIF
Lisaria Anjelina,6 bulan lalu,0,"Warung Asela buka JM 09;00 - 22;00 berlokasi di jalan raya Slabayan, sejati, Camplong - Sampang. Parkiran mobil ada, motor ada, tempat sangat luas dan bagus. Tersedia toilet, mushola yang luas. ",NETRAL
Nurhayati Faradisi,7 bulan lalu,0,"Lokasi warung Asela sangat mudah di jangkau, tepat berada di pinggir jalan Raya. Menu makannya sangat beragam, ada abanyak pilihan mulai dari aneka olahan ayam,   bebek, kepiting, udang, cumi, dsb.",NETRAL
Mohamad Aso Samsudin,9 bulan lalu,0,Tempat makan dengan nuansa pantai dengan menu yang cukup beragam dan ready semua,NETRAL
Niko aja,10 bulan lalu,0,Pinggir laut,NETRAL
Puji santoso,11 bulan lalu,0,"Banyak menu ,mulai seafood , ,,menu ikan bakar ,,ayam ,bebek , dll ...minuman mulai jus ,,minuman teh legendaris dll..
Tempatnya luas ,,bisa buat acara keluarga â€¦",NETRAL
Rama Journey,setahun lalu,0,Tepat di jalan raya utama Sampang Pamekasan,NETRAL
ippoel wiietzky,setahun lalu,0,Pemandangan pantai,NETRAL
M Gilang P,setahun lalu,0,Asela adalah restoran makanan yang meyediakan aneka kuliner.,NETRAL
eka prijanta,2 tahun lalu,0,Rumah makan di pinggir laut daerah camplong kepulauan madura,NETRAL
Endang Sri Utami,5 hari lalu,2,Recomended untuk makan2 bersama kolega maupun keluarga,POSITIF
Ferry Wijaya,5 hari lalu,2,Penjualnya ramah. Buah ( jambu ) yg kita belipun manis segar. TOP deh.,POSITIF
Nindy Permatasari,seminggu lalu,2,harga nya nyaman dikantong dan masakannya juga enak ditambah dengan view yang pantai juga. Disini ada jual macem2 kue dan oleh oleh khas madura,POSITIF
ferryamir mukri,2 minggu lalu,2,Sensasi makan diatas laut...waktu itu berangin dan ombaknya cukup besar...jadi sangat mengasykan sekali....ğŸ˜†ğŸ˜™ â€¦,POSITIF
Duta Besar,3 minggu lalu,2,"Lokasi resto strategis utk singgah perjalanan menuju Sumenep atau Bangkalan.
Pemandangan lepas ke selat Madura.
Pelayanan sangat baik dan ramah, bintang 5. â€¦",POSITIF
Naufal El Fany,3 minggu lalu,2,"Suasana di Asela bagus sih, soalnya di pinggir pantai. Apalagi malem. Lebih cantik",POSITIF
Indah Kurniawati,3 minggu lalu,2,"Tempat yang nyaman untuk makan bersama ataupun rapat, ada banyak menu makanan dan spot selfie yang sangat bagus dengan suasana laut yg sepoi.",POSITIF
Must Itjand,4 minggu lalu,2,Makanan enak memandang pantai sore hari. Ada mushola dan suasana instagramable,POSITIF
Ferry troubleshooter,4 minggu lalu,2,Terbaik,POSITIF
dika raha,sebulan lalu,2,"Tempatnya enak, rasa masakannya enak",POSITIF
Arwig Krisnawardhana,sebulan lalu,2,"Tempat bagus, makanan enak",POSITIF
Izanah Alfuadi,sebulan lalu,2,"Enak banget makanan nya, tempat nya buat nyantai sore juga asyikk",POSITIF
supri yadi,sebulan lalu,2,"Sangat mantap, murah dan nyaman.",POSITIF
Kim Sukasuka,sebulan lalu,2,Enaknya ketika saya ke sana itu pikiran tenang adem. Pokonya enak lah ğŸ‘ â€¦,POSITIF
Holis Samsul,sebulan lalu,2,Mantul,POSITIF
dita nurdiansyah,sebulan lalu,2,bagus buat tempat selfi dan menyatu dg alam,POSITIF
Muiz Sang Teroris cinta,sebulan lalu,2,Bagus,POSITIF
MBM Channel,sebulan lalu,2,Bagus sekali,POSITIF
Ragil Alex,sebulan lalu,2,"Restoran ini sangat mengingatkan saya pada cicerello's di Perth, Australia Barat. Restoran pantai dengan pemandangan dan angin sepoi-sepoi. Makanannya enak dan harganya masuk akal namun terjangkau. ",POSITIF
Choseini Salim,sebulan lalu,2,Saya sangat senang waktu makan di sini,POSITIF
Ayuwati Ningsih,sebulan lalu,2,"Untuk makanannya 4/5 sih menurut aku rasanya. Porsinya besar banget.
Aku minum es jeruk disini, tapi jeruknya menurut aku udah hampir busuk. Saran aja, tolong dicek lagi kondisi buahnya sebelum disajikan ke pelanggan.",POSITIF
jufri nation,sebulan lalu,2,Bagus,POSITIF
Irvan Saputra,sebulan lalu,2,Suka ,POSITIF
Efa Sufi,sebulan lalu,2,"Temptnya bagus,pelayanan ramah,pelayanya gercep,kasir tolong full senyum ya",POSITIF
Kholiz Tek Tek,2 bulan lalu,2,Menyenangkan,POSITIF
Pratama Nugroho,2 bulan lalu,2,"Pemandangan bagus, makanan lumayan enak",POSITIF
Muis Fathul,2 bulan lalu,2,murah bagus viwenya dan juga pelangganya ramah,POSITIF
Stnur_ Holisah,2 bulan lalu,2,Pemandangan yang indah dan pelayanan yang sangat baik,POSITIF
Imah Jha,2 bulan lalu,2,sangat memuaskan pelayanan cepat sigap next order lagi,POSITIF
tubagus berlianto,2 bulan lalu,1,"Sore yang nyaman di negeri Madura, Awan tipis dan semilir angin... aroma masakan hmm... Esnya hmm, kopinya pahit",NEGATIF
Kudi arto,2 bulan lalu,2,Banyak spot2 instagramable. Sejuk. Bersih. Dan layanan cepat,POSITIF
Midhat Madani,2 bulan lalu,2,Mantap semua,POSITIF
Agung Djoko Nugroho,2 bulan lalu,2,Tempat yg dipinggit laut persis sangat nyaman.,POSITIF
Ases Sanjaya,3 bulan lalu,2,Lengkap dan nyaman,POSITIF
Candra Setiawan,3 bulan lalu,2,Sangat Menarik,POSITIF
Tito Vanzal,3 bulan lalu,2,"Keren sih konsepnya, makan bareng keluarga dengan view laut, enak makanannya",POSITIF
Pierre Roger,3 bulan lalu,2,sangat dianjurkan,POSITIF
Palin ARG,3 bulan lalu,2,"Mau ke pamekasan dan
Baru pertama kali mampir kesini, pelayanannya baik dan ramah, masakanya enak dan beraneka ragam, tempatnya enak buat ngumpul kerluarga, sama doi, ato sama temen, banyak spot foto, intinya rekomen lah",POSITIF
Edy Suryanto,3 bulan lalu,2,Enak bisa santai bareng keluarga,POSITIF
taufiex jungle,3 bulan lalu,2,Senangnya bisa berkumpul dengan keluarga.,POSITIF
ashrafelmoghazi Ì¨Ø§Ù„Ø£ÚÙ€Ù€ÛÙ’Û§Ù€Ù€Ú¶,3 bulan lalu,2,Luar biasa dan harganya tidak mahal,POSITIF
Ilva Azzaky,3 bulan lalu,2,"Tempatnya recommended banget, awal masuk sudah di suguhkan dg view yang luar biasa.. Makan dg menikmati semilir angin laut yang segar.. Makanan nya mantap lah pokok nya",POSITIF
Badar FM,4 bulan lalu,2,makanannya beragam dan kualitas rasanya memang mantap. lokasi strategis pinggir jalan raya akses mudah di pinggir jalan raya parkir luas. suasana di rumah makan asela sangat bagus banyak spot untuk berfoto dengan pemandangan pantai,POSITIF
wodi 2004,4 bulan lalu,2,Mantap dengan pemandangan laut yang exotic. Apalagi di waktu senja.... Masyaallah... Sampai tdk bs berkata kata.. ğŸ˜ cocok untuk foto foto,POSITIF
Ngadi Ngadi,4 bulan lalu,2,"Kalau beli suasana, cocoknya memang di sini",POSITIF
Zadit Official,4 bulan lalu,2,Sangat bagus dan murah berkualitas,POSITIF
aji kuncoro,4 bulan lalu,2,Pengalaman makan ikan laut langsung dipinggir pantai yang begitu mengesankan. Tempatnya cozy dan instagramable,POSITIF
Theloving You,4 bulan lalu,2,"Makan santai, enak, dan bersahabat. Penjaga siap di sudut2 untuk keluhan pelanggan. Tempat duduk bervariasi. Bisa memilih dimana saja. Cuma Sambungan wifi belum digratiskan.",POSITIF
riyad luluk,4 bulan lalu,2,"Resto seafood nya ok banget + menunya super lengkap + pelayananya memuaskan + pramusaji super ramah + kasir yang sangat humanis ğŸ‘ğŸ»ğŸ†—ï¸ğŸ‘ğŸ»
Semoga assela semakin lancar dan barokah usahanya ğŸ†—ï¸ â€¦",POSITIF
Diah Zeamaesa,4 bulan lalu,2,"Menu makannya enak. Tempat luas, parkir mobil luas, pemandangannya juga depet.",POSITIF
Hanum Bayu Muda,4 bulan lalu,2,"First time kesini udah jatuh hati sama suasananya, makanannya enak karena batitaku habis banyak makan gurame bakarnya mhihih, untuk harga kurang tau karena suami yg bayar wkakaka so far gak nyesel kalau kesini",POSITIF
Budiyono Maju,4 bulan lalu,2,Restorannya ğŸ‘ğŸ‘ â€¦,POSITIF
Kurniadi Wijaya,4 bulan lalu,2,Nyaman,POSITIF
Anie FeZ,4 bulan lalu,2,"Semuanya enak, kalo bisa sambelnya tambahin variannya. tempatnya asyik, tapi kadang agak khawatir kalo bawa anak kecil",POSITIF
Yani Whardani,4 bulan lalu,2,"Tempatnya nyaman, apalagi bagi yg senang selfie, waktu paling baik adalah sore menjelang malam",POSITIF
Rahmat Aries Sembiring,4 bulan lalu,2,MasyaAllah ini tempat sangat nyaman indah buat kamu bersama Keluarga dan para sahabat,POSITIF
A'yunk Doank,4 bulan lalu,2,"Masakannya enak, di tambah nuansa pantai yang indah. Pelayanan ramah",POSITIF
AL-FATIH AFSJ,4 bulan lalu,2,"Mantap. Harusnya tempat strategis seperti Asela ada tempat menginapnya atau bikin Hotel Rasmi, agar bisa disinggahi yg lagi liburan dari luar kota",POSITIF
GRIYA HANIF,5 bulan lalu,2,"Suasana nya nyaman, pemandangan laut nya keren.
Pelayanan cepat harga murah rasa lumayan",POSITIF
Herlina Rizki Prianita,5 bulan lalu,2,View pinggir lautnya dapat banget. Better booking tempat supaya bisa dapat tempat yang diinginkan.,POSITIF
Muhammad Fathor Rozi,5 bulan lalu,2,"Bagus dan menyenangkan, makanannya juga mantap",POSITIF
Shiro,5 bulan lalu,2,Tempatnya sejuk apalagi klo sore menjelang malam pemandangannya bagus banget,POSITIF
arian januardhi,5 bulan lalu,2,Recom buat acara keluarga - kantor,POSITIF
iqbal Anak lanang,5 bulan lalu,2,"Makanan nya. Enak
Pelayanan nya kurang cepat
Suasananya nyaman",POSITIF
Robi Amirullah,5 bulan lalu,2,Ramah dan sopan,POSITIF
Betel Nur Baytie,5 bulan lalu,2,"Menu makanannya lebih variatif, sambalnya makin enak,, suasananya lebih menyenangkan,, pelayanannya ramah dan fast respon,,",POSITIF
Mohammad Rum,5 bulan lalu,2,Tempat yg bagus. Rekomendasi utk anda yg ingin makan sambil berlibur,POSITIF
chandra adikara,5 bulan lalu,2,Tempat yang asyik buat rame2 dengan keluarga....,POSITIF
fatchur rozi,5 bulan lalu,2,"Apabila sedang dalam perjalanan jauh warung ini sangat cocok untuk dijadikan tempat makan sekaligus istirahat. Suasananya sangat nyaman dengan semilir angin lautan, dan juga menu makanan lengkap.",POSITIF
Zen Ahyar (Zen),5 bulan lalu,2,"Tempatnya cocok buat nongkrong malam hari, makanannya enak, harga rasional",POSITIF
Jarkoni Jarkoni,5 bulan lalu,2,Suasana yg sangat bagus. Makanannya enak,POSITIF
Taufik Hidayatullah,5 bulan lalu,2,"Mantap rasanya, bagus viewnya, masuk akal harganya..",POSITIF
Saiful Bahri,5 bulan lalu,2,Nyaman....indah pemandangannya,POSITIF
Muh. Rozi,6 bulan lalu,2,Sangat pas bagi yang butuh vitamin c. Recommended ğŸ‘ğŸ¼ â€¦,POSITIF
Retno Yudo,6 bulan lalu,2,"Tempatnya enak, makanannya enak, pemandangan arah laut bagus,",POSITIF
Risti Ani,6 bulan lalu,2,"Tempat luas, parkir luas, menu lengkap dan enak, bersih. View bagus sekali, terutama di malam hari. Setiap ke Sampang selalu mampir di disini.",POSITIF
Mas Atiq,6 bulan lalu,2,Mantap,POSITIF
siti rachimah,6 bulan lalu,2,"Tempat strategis pinggir jalan, harga dan tempat terjangkau.. Tempatnya asyik buat foto dengan keluarga.",POSITIF
Supri Yadi,6 bulan lalu,2,"Kesan pertama makan di restoran asela,disuguhi dengan pemandangan laut yg biru.dihiasi ornamen2 ciamik..warung asela terletak di Bangkalan,Madura..",POSITIF
ali wafa,6 bulan lalu,2,MANTAP,POSITIF
Wulan Fitri,6 bulan lalu,2,Suasananya sangat bagus banyak spot foto,POSITIF
Praditya Vicky,6 bulan lalu,2,"Tempat favorit ketika perjalanan ke Madura timur, pulangnya pasti mampir.
Sekarang semakin lebar, baik tempat untuk makan atau spot foto..makanan dan minuman yg ditawarkan juga oke harga masih terjangkau, mantab lah",POSITIF
Rahmat Hidayat,6 bulan lalu,2,Makanan enak n view lautnya bagus...cocok untuk tempat meeting dan makan bersama keluarga atau pacar,POSITIF
Reni Sulistyawati,6 bulan lalu,2,Buaguss poll,POSITIF
m.mauludin hardian,6 bulan lalu,2,Cocok untuk nongkrong dan ngerjain tugas.....harga tidak bikin kantong kosong......,POSITIF
Manager SDI,6 bulan lalu,2,Mantap,POSITIF
Koko Belux,6 bulan lalu,2,"Suasana pinggir laut,, cocok untuk bersantai",POSITIF
irfan k,7 bulan lalu,2,Sempurna.,POSITIF
Nugroho Adi,7 bulan lalu,2,Tempat makan yang cukup enak di madura. Lokasinya pun pinggir pantai.,POSITIF
rodli amin,7 bulan lalu,2,Makanan lumayan enak dg view langsung pantai pelayananya juga sigap,POSITIF
izdiharuddin muhammad,7 bulan lalu,2,"Rasa masakannya enaaak, ayam kampung nya terbaiknya kulitnya kriuk. Suasana juga nyaman cocok buat berkumpul dengan keluarga maupun kolega",POSITIF
kurnia Vii,7 bulan lalu,2,Makananannya enak dan seru sekali bisa lihat sunset pas sore hari,POSITIF
Hamim Muhsinah,7 bulan lalu,2,Sangat cocok buat keluarga ,POSITIF
Iruel Sanajaya,7 bulan lalu,2,Ok mantap dengan pemandangan nya harga nya ter jangkau,POSITIF
Royfi Ramadhani,7 bulan lalu,2,Masakan enak hanya saja nomor meja tidak permanen. Jadi agaka lama setelah masakan jadi masih cari nomor meja pelayannya. Padahal kalo permanen pasti lebih cepat ketemu.,POSITIF
ilmah nurma Yanti,8 bulan lalu,2,Makanan murah disertai pemandangan indah,POSITIF
M Nur Ali Wisnu,8 bulan lalu,2,Bagus,POSITIF
Putri Bali Mila Purnamasari,8 bulan lalu,2,Worth it..... Harga sesuai dengan makanan dan tempat nyaa.. enak bgt kalo untuk tempat nongkrong bareng temen bareng keluarga apalagi sama orang tersayang ğŸ¤­ ada suasana romantis nya wkwk â€¦,POSITIF
Dennis Hermawan,8 bulan lalu,2,Lumayan,POSITIF
Arief Susanto,8 bulan lalu,2,"Layanan bagus, makanan dan minuman enak. Pemandangan indah.",POSITIF
Risma Aziz,8 bulan lalu,2,Makanannya enak ğŸ‘ğŸ»ğŸ‘ğŸ» â€¦,POSITIF
arif ubaidillah.,8 bulan lalu,2,Warung enak nyaman suasana dan udara yang segar,POSITIF
ridho khirzan,8 bulan lalu,2,tempatnya nyaman,POSITIF
kentang bayam,8 bulan lalu,2,"Lumayan cocok view dan makanan, agak riskan buat anak kecil, saran semoga disediakan tempat khusus bebas asap rokok. Walau langsung kena angin laut tapi kasian yg bawa anak kecil",POSITIF
Edi Lung,8 bulan lalu,2,"Tempatnya ajiiibb bnget, cocok buat santai, makanannya lumayan, tpi ga semua enak ya... Tpi okelah",POSITIF
Rizqi Amaliya,8 bulan lalu,2,"Menunya enak2. .
Mushola nyaman dan toiletnya bersih. .",POSITIF
ANTON denbagoess,9 bulan lalu,2,tempatnya bagus,POSITIF
suryadi arianto,9 bulan lalu,2,Menu lengkap. Makanan enak. Okelah,POSITIF
Rie craft,9 bulan lalu,2,Makaan disini tuh kerennn....viewnya itu loh. Masakan nya juga oke. Top banget deh,POSITIF
HERMIN S.Psi.,9 bulan lalu,2,Bagus view pantai nya dan Enak makanan nya,POSITIF
M.Anies Zuhrawardi,9 bulan lalu,2,"Mengasyikkan untuk nongki bersama keluarga, hidangannya lezat, seafood dll ğŸ‘ğŸ‘ğŸ‘ â€¦",POSITIF
Anis Ahmad,9 bulan lalu,2,Makanan dan tempatnya luar biasa,POSITIF
ERIK SETAAJI,9 bulan lalu,2,"Baru pertama ke asela, dari luar kliatan biasa aja.
Tapi pas masuk kedalam sungguh memanjakan mata pemandangannya, dan memanjakan lidah dengan cita rasa masakannya yang enak ğŸ¤¤ â€¦",POSITIF
Bluder UncleOne,9 bulan lalu,2,"Direkom sm teman dipamekasan...akhirnya mlipir ditempat ini..cukup rame pas datang..pesan menu dikasir..stafnya ramah2 sabar dan makaan minumnya datang dg cepat.. harga yg cukup terjangkau dan rasa yg cocok dilidah saya..view yg bagus..meski malam hari,...trimakasih ebok eni..buat info kulinernyaa",POSITIF
Chusnul Yaqin,9 bulan lalu,2,"luas, nyaman deket dengan laut",POSITIF
rizki wicaksono,9 bulan lalu,2,Cocok kl untk mampir saat malam hari view bagus,POSITIF
mahrus rus,9 bulan lalu,2,mantap,POSITIF
Agus Firdaus,9 bulan lalu,2,"Sangat bagus tempat nya, recomended banget dah, buat makanan nya juga cukup enak kok",POSITIF
Yayan Siregar,9 bulan lalu,2,Tempat nyaman harga murah,POSITIF
Syafi'i Ns,9 bulan lalu,2,Suasana dan pemandangannya bagus,POSITIF
Nick Name,9 bulan lalu,2,Pemandangan indah dan makananan yg enak,POSITIF
Nita Nurhasanah,10 bulan lalu,2,Tempatnya estetik dan nyaman buat santai bareng keluarga atau teman,POSITIF
Damai Sejahtera,10 bulan lalu,2,Masakannya muantap dan suasananya sangat bagus serta menambah kelezatan dlm menikmati hidangan,POSITIF
Apriel Heiji,10 bulan lalu,2,"Parkiran memadai, menu masakan bervariasi, dari segi rasa lumayan, format restoran & view yang ditawarkan sangat mendukung saat suasana malam berhubung dipinggir laut antisipasi masuk angin dan tidak disarankan saat suasana mendung",POSITIF
Bambang Sucipto,10 bulan lalu,2,"Sekelas lebih tinggi dari warung sih , lokasi makan bernuasa pantai yg berbeda dr yg lain , makanan lumayan beragam",POSITIF
Abdullah Aziz,10 bulan lalu,2,Cocok utk bawa keluarga,POSITIF
vivit andria,10 bulan lalu,2,"Tempat yang bagus untuk berfoto, ada spot bagus yang bisa digunakan untuk berfoto dengan background yang bagus. Pelayanan yang baik dari karyawan yang sopan. Untuk makanannya tidak sesuai dengan selera saya, enak tapi tidak sebagus yang saya harapkan. Namun tempat ini  masih direkomendasikan untuk dikunjungi",POSITIF
Lintang Matahari Hasani,10 bulan lalu,2,"Saya pergi ke restoran ini dengan keluarga saya tahun ini. Menunya agak biasa, tapi rasa makanannya cukup enak",POSITIF
Khairul Umam,10 bulan lalu,2,Tempat nyaman cozy kekinian bikin nagih mau balik lagi trus satu lagi selain pelayanan ramah tempat ini juga banyak spot foto yang instagramable,POSITIF
abdi illah,10 bulan lalu,2,"Laut malam disaat air pasang, semilir angin menambah suasana tenang",POSITIF
KARIMAH JAYA,10 bulan lalu,2,Pelayanannya cepat...dan suasana pantai yang saya sukağŸ˜,POSITIF
Amir Fayyad Bahri,10 bulan lalu,2,Seru makan d sana,POSITIF
Abdus Sakur,10 bulan lalu,2,"Tempat makan dipadu dengan pemandangan laut, cocok banget bagi pencinta kuliner sekaligus cuci mata",POSITIF
Abdurrahman Al Hanif,11 bulan lalu,2,"View bagus banget, tapi kurang recommended kalau pas malam hari krn air lautnya pas surut dan angin kenceng bgt.",POSITIF
Atma Teknik,11 bulan lalu,2,"View bagus, pelayanan profesional.",POSITIF
hakim el tronic,11 bulan lalu,2,Mantab massehh...,POSITIF
Sofi Yana,11 bulan lalu,2,Asik,POSITIF
Madniri Shaja,11 bulan lalu,2,Enak buat santai,POSITIF
Maudy Danestya,11 bulan lalu,2,"Semua enak menunya, RECOMMENDED ğŸ‘ğŸ» Enak, sedep. apalagi Ikan bakarnya dan sambal..
habis bill 450rb, tapi gak merasa mahal.. tempatnya bagus, photoable bgt. â€¦",POSITIF
Sunardi,11 bulan lalu,2,"Makanan yg disediakan enak, harga sesuai.
Suasana pantai dg berbagai ornamen buatan namun tetap tidak mengurangi indahnya suasana pantai. â€¦",POSITIF
Rissa Triana,11 bulan lalu,2,Mantap gan... Bisa diulang lagi ğŸ˜ğŸ˜ğŸ˜ğŸ˜ğŸ¤—ğŸ¤— â€¦,POSITIF
alfons hartono,11 bulan lalu,2,Best ikan bakar di pulau madura,POSITIF
arum pandanwangi,11 bulan lalu,2,"Tempat jujugan makan jika ke Madura, selain makanannya cocok dilidah juga ada tempat fotonya meskipun tempat fotonya jika malam banyak serangga â€¦",POSITIF
Faraid Robby Wildhani,11 bulan lalu,2,Nyaman,POSITIF
Sudut Desa,11 bulan lalu,2,bagus,POSITIF
HANI FAJAR19,11 bulan lalu,2,Bagus banget...,POSITIF
Desi Cil,11 bulan lalu,2,"Instagramable sekali. Dimanapun berdiri, disitu kece buat foto foto apalagi pas malam hari banyak lampu2.
Makanan harga terjangkau rasa enaaak. â€¦",POSITIF
masabel Dimas,11 bulan lalu,2,syahdu,POSITIF
Galeri Kretek,11 bulan lalu,2,"Lokasi Mudah diakses, berada di area pantura
Makanan yg rekomendasi dengan harga yg bershabat
Dan suasana yg nyaman berada di area pantai",POSITIF
nanang fadhori,11 bulan lalu,2,"Lokasinya bagus. Rumah makan di atas pantai.
Untuk menu...sesuai selera lidah masing2.
Yg penting spot foto dapat",POSITIF
Taufiq Setiawan,11 bulan lalu,2,Mantap,POSITIF
Meliyana Dwi Pangesti,11 bulan lalu,2,Makanannya lumayan enak dan pemandangan pantainya indah,POSITIF
cindy satriyo,11 bulan lalu,2,"Sangat ramai saat weekend. Sy kesini hari minggu tanpa reservasi. Parkiran penuh, tempat makan penuh, pelayanan lambat menunggu cukup lama untuk pesan dan dapat tempat makan karena antri.. Terbayar dengan pesanan makan udang bakarnya enak â€¦",POSITIF
Gibran Radeya,11 bulan lalu,2,"Menu sudah enak semua ,cuma sangat disayangkan nasi yang disediakan dingin tidak hangat.beras yg dipakai kualitas kurang bagus,",POSITIF
muhammad rizki ekaputra,11 bulan lalu,2,"Tempatnya bagus, parkiran luas, mushola bagus, toilet bersih, makanan enak dan pelayanan ramah, SANGAT MEMUASKAN,",POSITIF
Collin Wulff,11 bulan lalu,2,Suasana Instagram dengan makanan enak,POSITIF
Us Hasanah,11 bulan lalu,2,Tempat lumayan bagus,POSITIF
Imam Budi Isworo,11 bulan lalu,2,Enak higienis,POSITIF
Indah Ayu,setahun lalu,2,"Selalu jadi â€œjujukanâ€ kalo ke Madura. Menunya super lengkap, harga masuk akal, pemandangannya bagus bangetttt, apalagi kalo lagi pasang. Sekarang tempatnya lebih luas dan lebih bagus lagi. Paling enak makan di sini sama keluarga ğŸ‘ğŸ¼ â€¦",POSITIF
fi. Hdynt,setahun lalu,2,pemandangannya akan indah di sore dan malam hari,POSITIF
Alhajj Syihabuddin,setahun lalu,2,Mantap,POSITIF
muthi muchlis,setahun lalu,2,"Rumah makan yg dengan view langsung laut yakni selat madura dengan berbagai menu khas nya yakni seafood, intinya di rumah makan ini punya jargon ""Makan Senang Jiwa Tenang"". dan tak lupa tempat ini juga ramah terhadap disabilitas loh ğŸ‘Œ â€¦",POSITIF
Aditya W,setahun lalu,2,"Tempatnya nyaman, bersih, menunya banyak dan makanannya enak.",POSITIF
mbah Jack darmono,setahun lalu,2,"Bagi yang belum pernah ke warung ini, pakai Google map saja, biar langsung ketemu lokasinya...
Menu, rasa dan harga... tidak mengecewakan...",POSITIF
Adi Widodo,setahun lalu,2,rekomended sewaktu di pulau Madura,POSITIF
Hadi Surabaya,setahun lalu,2,Top markotop,POSITIF
nisael amala,setahun lalu,2,"First time ke Asela padahal sering lewat sini, saya fikir hanya seafood aja menunya,  ternyata buanyaaak pilihan selain seafood jugag ada. Tempatnya bersih dan instagramable terutama di malam hari, terdapat mushola yang bangunannya cantik, untuk pelayanan agak lama makanan diantar ke meja.",POSITIF
Maz adiy Official,setahun lalu,2,pelayanan bagus,POSITIF
zommy Dairobbi,setahun lalu,2,"Pemandangannya bagus, â€¦",POSITIF
nurlaili putri,setahun lalu,2,"Pecinta seafood silakan coba ya,,
Tempatnya bagus tapi jauh bgt dari SBY",POSITIF
Nufel Bjrt,setahun lalu,2,Bagus,POSITIF
alief habibiy,setahun lalu,2,"resto tepi pantai dengan konsep yang unik, menyantap menu makanan dengan ditemani pemandangan laut dan angin yang sepoi sepoi. tempatnya enak, nyaman, santai. ada area untuk pengunjung melakukan foto selfie atau berfoto dengan keluarga/teman. Pelayanan cukup baik, tidak menunggu lama. Menu variatif dan cukup enak, harga standar. Ada musholla untuk sholat. Kamar mandi cukup bersih. Area parkir mobil cukup luas.",POSITIF
abdul kholik,setahun lalu,2,hebat,POSITIF
Riefa azqi,setahun lalu,2,Tempatnya bagus & makanannya juga enak â˜º,POSITIF
Beny Pardede,setahun lalu,2,Tempatnya asik untuk dinner dan nongkrong sore2,POSITIF
Vina Septiana W,setahun lalu,2,"Mayan lah buat makan bersama keluarga. Ada spot foto2nya juga , makanannya enak dan beragam. Cm siap2 nunggu karena lama",POSITIF
lilik zulaiha,setahun lalu,2,"Tempatnya nyaman, dengan pemandangan dann nuansa pantai yang adem
Masakan yang enak.
Sy suka singkong keju nya",POSITIF
DEDY MILANYSTY,setahun lalu,2,Murah meriah dan nyaman,POSITIF
Dewi,setahun lalu,2,"Harga makanan minuman ramah dikantong
Tempat estetik apalagi kalau airnya pasang sangat bagus",POSITIF
Rakhmad Budhi Harto Santoso,setahun lalu,2,Ini Maaah Udah Viral... Mantap Pokoknaaahh,POSITIF
Pamella Jung,setahun lalu,2,"Mkanan lumayan enak, harga standar resto2 pd umumnya, viewnya langsung laut, pelayanan cpt dan toiletnya bersih.",POSITIF
Moh Ahsin,setahun lalu,2,Restoran yang direkomendasikan,POSITIF
Wafaul Shalehah,setahun lalu,2,Best of the best tempat makan. Suka dan puas banget dg tempat ini. Tempat parkirnya pun sangat luas. Spot foto-fotonya sangat instagramble bangetğŸ‘ğŸ»ğŸ‘ğŸ»ğŸ‘ğŸ» â€¦,POSITIF
Apri Arisandi,setahun lalu,2,Parkiran luas dan Restonya nyaman... Recomended.,POSITIF
Moh Fauzi,setahun lalu,2,Nyaman,POSITIF
Datta Parama Satwika,setahun lalu,2,"Tempatnya cukup luas, dengan view selat madura yang menawan. Penyajian menu makanan cukup cepat, signage atau papan pemberitanuan utk menjaga kebersihan juga cukup jelas dan banyak.. namun sayang, banyak pengunjung yg masih punya kebiasaan membuang sampah langsung ke laut",POSITIF
Muchlis Arief,setahun lalu,2,Tempat yg sangat nyaman tuk mencari udara pantai,POSITIF
A SOBIBUR R,setahun lalu,2,Ramah murah dan enak,POSITIF
Rohmat Helos,setahun lalu,2,"Tempat nya bagus , lautnya juga bersih serta harga makanan terjangkau dan rasa enak, cocok buat rekreasi bareng keluarga atau teman-teman â€¦",POSITIF
Ahufron Habib,setahun lalu,2,"Mantab pelayanan dan menu nya
Sangat recommended",POSITIF
Sofia Era setya iswari,setahun lalu,2,"View nya bagus kita makan diatas laut, banyak spot foto, makanan nya enak2, tidak hanya menjual tempat tapi juga rasa makanan tetap diperhatikan, sangat recomended",POSITIF
Hasbun holik,setahun lalu,2,Terbaik,POSITIF
Jibril Mikail Ali,setahun lalu,2,Bagus,POSITIF
Lutfiana,setahun lalu,2,"Sebenere untuk makanannya okee, view pemandangan dan tmpt photo nya ngenak banget, tapi sayangg bangett bbrpa mbak"" kasir nya kurangg ramahhğŸ˜­ malah untuk pelayanan lebih bagus yg nganter mkanan. â€¦",POSITIF
Thoriq Ahmad Al-Ghazali,setahun lalu,2,"view bagus,makanan enak,pelayanan lumayan,tapi sayang kurang pengadaan tempat sampah jadinya banyak tisuue dan sampah lain berserakan,bahkan mengotori air..
tingkatkan lagi ğŸ™‚ â€¦",POSITIF
Alya Jasmien,setahun lalu,2,"Masakan, view, dan pelayananannya tambah bagus",POSITIF
Agus Winarni,setahun lalu,2,Tempat nyaman untuk makan bersama keluarga dan teman2 banyak menu hidangan laut juga spot untuk foto2 yg berhadapan langsung dengan laut,POSITIF
Ilham Darmawan,setahun lalu,2,"Makanan Indonesia, nasi goreng rumput laut, paling enak",POSITIF
Dezty ARM,setahun lalu,2,Tempatnya bagus nyaman untuk kumpul dengan orang tercinta.,POSITIF
Ahmad 0123,setahun lalu,2,Luar biasa,POSITIF
Mohammad Iksan,setahun lalu,2,"High recommended, pelayannya ramah, tempatnya instagramable meskipun cukup panas waktu kami kesana, makanannya juga lezat...",POSITIF
Miftahul Rizky,setahun lalu,2,Bagus dan lumayan enak,POSITIF
Ahmad Fauzi,setahun lalu,2,Sudah menikmati hidangan nikmat sambil menikmati pemandangan yang alÃ mi,POSITIF
irza bongol,setahun lalu,2,Enak sekali,POSITIF
Ike Trisna Sahfitri,setahun lalu,2,Bagus,POSITIF
Zahra Firdausiyah,setahun lalu,2,"Masakannya enak
Tempat juga bagus
Pelayanan nya oke",POSITIF
Budiyanto andiebuddy,setahun lalu,2,"tempatnya bagus pemandangannya indah,masakannya enak pelayanannya juga ramah,tempat nongkrong sekalian tempat wisatağŸ‘ğŸ¼ğŸ‘ğŸ¼ğŸ‘ğŸ¼ğŸ‘ğŸ¼ğŸ‘ğŸ¼ â€¦",POSITIF
Jio Ada,setahun lalu,2,Tempatnya nyaman viewnya laut,POSITIF
Agustin Dwi Suryani,setahun lalu,2,View lautnya oke,POSITIF
Salman Al farizy,setahun lalu,2,aplikasi mantap,POSITIF
Agus Prihandono,setahun lalu,2,Nayamul..,POSITIF
agung handaryanto,setahun lalu,2,Suasana asyik,POSITIF
Badrul Akhmadi,setahun lalu,2,Sip,POSITIF
abu bakar,setahun lalu,2,Enak buat rebahan,POSITIF
Lestio Kanti,setahun lalu,2,Tempat nya ok makanannya kalau orang jawa cuvok meong,POSITIF
Dita Dii eyelash,setahun lalu,2,"Suka banget, gag rugi deh jauh2 dri sidoarjo kesini. Pemandangan bagus, mushola bagus, toilet bersih banget, makanannya juga enak. Kalo ada tugas kesini pasti mampir lagi",POSITIF
Ciiprutt Cecep,setahun lalu,2,"Makanan nya enak, tapi untuk pelayanan tolong dtingkatkan lgi dri pemesanan mkanan mbak"" Nya kyak gk bisa gerak cepat buat ngelayani",POSITIF
Bond Hamzah,setahun lalu,2,Makan senang jiwa tenang,POSITIF
Yuli Ana,setahun lalu,2,Bagus banget,POSITIF
Mufdalifah Firzara,setahun lalu,2,Besar,POSITIF
venya anggita,setahun lalu,2,Sangat menyenangkanğŸ¥° â€¦,POSITIF
Zaky Firmawan El Hakim,setahun lalu,2,"Suasananya bagus, terutama saat malam, hanya saja stafnya kurang  gercep untuk bersihkan meja bekas pengunjung. Overall makanan enak",POSITIF
Ahmad Firmansyah,setahun lalu,2,Tempatnya enak.  rasa makanan perlu ditingkatkan,POSITIF
rahmat rijal,setahun lalu,2,Mantap,POSITIF
Sumiatun Lutfi,setahun lalu,2,Menu tokcer,POSITIF
FAHAT,setahun lalu,2,Bersih,POSITIF
PAPA ARDY,setahun lalu,2,Bagus vuew nya. Warung di atas laut.,POSITIF
Agus Salim,setahun lalu,2,Mantaf,POSITIF
Annisa Rizky Firdhauzy,setahun lalu,2,Fiu nya bagus saya suka,POSITIF
Eli Widayanti,setahun lalu,2,Ikan segar itu enak,POSITIF
Muhammad Hamdani,setahun lalu,2,Sensasi makan pinggir laut,POSITIF
Moh. Khatibul Umam,setahun lalu,2,"Ini adalah pertama kalinya saya mengunjungi tempat ini. tempat bagus, makanan enak, pelayanan bagus, fasilitas bagus. Namun mereka perlu memperbaiki toilet mereka dengan lebih baik.",POSITIF
dayat chanel5555,setahun lalu,2,Bagus dan indah pantainya,POSITIF
Tribudi Yulianto,setahun lalu,2,Asyik,POSITIF
Khairul Rasyid,setahun lalu,2,Bagus....,POSITIF
andi loman,setahun lalu,2,Pengen cuma dan kerang hijau,POSITIF
Yuniar Ahmadani,setahun lalu,2,Makanan enak pemandangan bagus,POSITIF
Viki Viki,setahun lalu,2,Lumayan,POSITIF
Dayu Vinda,setahun lalu,2,"Tempat makan dan nongkrong yang cocok banget buat healing. View laut yang tenang juara deh. Gak perlu jauh2 ke Bali buat healing. Harga makanan dan minuman yang terjangkau. Start 5k untuk minuman dan 8k untuk makanan. Btw menu andalannya seafood. Snacknya aja udah enak loh. Mestinya main course juga enak yaa tapi jujur saya belum coba. Next akan cobain. Toilet, mushollanya  bersih. View laut yg bersih juga. Spot foto menarik. Tempat duduk ada yang lesehan juga. Muat banyak. Anak2 mesti dijaga ya waktu makan disini karena takut main dekat pagar yang langsung pinggir laut. Kalau kamu ke Sampang,pastikan mampir kesini. Recommended",POSITIF
Imam Saputro,setahun lalu,2,Tempat terbaik untuk bersantap dengan pemandangan indah,POSITIF
Wita Wachid,setahun lalu,2,Tempat bagus rasa makanan enak tapi jajanan nya kurang enak,POSITIF
a nurul hadi,setahun lalu,2,"tempatnya keren, suasananya nyaman, apalagi di malam hari, lebih terasa asyik dengan banyaknya spot foto yang disediakan secara gratis. Lokasi restoran berada diatas laut, sehingga suasananya menjadi lebih nyaman. harga makanan standart",POSITIF
Harry CNL,setahun lalu,2,"Sering makan di sini, karna memang ada valeu tersendiri dari segi tempat dan makanan",POSITIF
Hairil Anwar,setahun lalu,2,Bagi penikmat seafood warung ini patut dicoba. Olahannya cukup enak dan banyak pilihan. Lokasi mudah diakses. Fasilitas mushalla dan kamar mandi cukup bersih. Parkir mobil cukup luas.,POSITIF
Danang Wk negara,setahun lalu,2,Mantaaap..bisa sambil kerja...,POSITIF
Elena Force,setahun lalu,2,Tempat bagus dan bersih. Makanan lumayan. Tapi kemaren kepitingnya kurang fresh.,POSITIF
Nadir Nahdi,setahun lalu,2,"Makanan enak
Suasananya ok â€¦",POSITIF
Devy Saputra,setahun lalu,2,"Toilet dan musholla bersih, makanannya juga enakâœ¨",POSITIF
rusydi marufi,setahun lalu,2,Pemandangan bagus. Semilir,POSITIF
Affandi Purwanto,setahun lalu,2,Sangat menyenangkan,POSITIF
Miftahul Arifin,setahun lalu,2,Sangat memuaskan,POSITIF
Agung Nugroho,setahun lalu,2,"tempatnya asyik kalau buat nongkrong malam hari, krn diatas pantai",POSITIF
Ria Aprilianti,setahun lalu,2,"Bagus, semakin luas",POSITIF
Richo M Reza,setahun lalu,2,Menang spot foto aja klo disini,POSITIF
M. Mushthafa,setahun lalu,2,"Sekian lama saya mendengar cerita tentang warung ini. Baru pada awal 2022 saya berkesempatan ke sini. Kesimpulannya: puas.
Yang paling terlihat secara fisik bedanya dengan warung-warung makan lainnya di madura",POSITIF
Vio Visto,setahun lalu,2,Tempat yg cantik dan romantis pabila dimalam hari. Cocok untuk berkunjung dengan keluarga atau teman,POSITIF
ARBEZZ production,setahun lalu,2,Lumayan cuma pelayan cwoknya cengengesan,POSITIF
Muhammad Mubassir,setahun lalu,2,Tempatnya bagus,POSITIF
Aditya Permadany,setahun lalu,2,Menunya beragam. Pemandangan laut,POSITIF
Cak Isol,setahun lalu,2,"Suasananya sangat bagus, bahan makanannya fresh, tapi masakannya terlalu standar tak begitu istimewa, tingkatkan lagi",POSITIF
Akhmad Romadloni,setahun lalu,2,"Makanan biasa saja, tapi viewnya sangat epic",POSITIF
KANG SUBKHI,setahun lalu,2,Kafe kangen bikin kangen pingin kesitu lagi sejuk makanannya enak pas dikantong para muda mudi,POSITIF
mas dayat,setahun lalu,2,Tempat favorit,POSITIF
Rafika Noviyanti,setahun lalu,2,Tak perlu ragu.. dua kali kesini tak pernah kecewa keren dan sukses selalu asela,POSITIF
Eponk Soekamti,setahun lalu,2,Solidaritas,POSITIF
Herman arif Nurhadi,setahun lalu,2,Tempatnya sangat bagus untuk spot foto dan pelayanannya sangat maksimal,POSITIF
wijaya putra,setahun lalu,2,Murah tempat yg nyaman,POSITIF
afif Jauhari,setahun lalu,2,Bagus,POSITIF
atmo purwanto,setahun lalu,2,ikan kerapunya mantaaap,POSITIF
Yuzvi Anggara,setahun lalu,2,Ok enak,POSITIF
Dhea Helwa,setahun lalu,2,Suka pemandangan'y pantai dgn d hiasi lampu2 yg kekinian sangat cocok buat para remaja dan keluarga utk bersantai malam,POSITIF
Akhmad Shohibul Fadilah,setahun lalu,2,"Pelayanannya bagus, tempatnya sejuk, makanannya good",POSITIF
Sulaiman Man,setahun lalu,2,Mantap ğŸ‘ â€¦,POSITIF
Jabrick Joss,setahun lalu,2,View nya kureeen kayak foto iniğŸ¤£ â€¦,POSITIF
Ibrahim,setahun lalu,2,Bagus sekali,POSITIF
Shofiya Wahab,setahun lalu,2,Mantappppp,POSITIF
Raendi Aldian,setahun lalu,2,makananya enak banget,POSITIF
Bagus Wijaya,setahun lalu,2,Malam lebih bagus pemandangannya,POSITIF
ASYRAF BIN MUJIB TV,setahun lalu,2,Ok mantap,POSITIF
Alfredina Rozanna,setahun lalu,2,"Warung Asela adalah rumah makan yang nyaman dan patut menjadi salah satu pilihan bila.dateng di Madura karna makanan nya enak dan asyik serta begitu banyak pilihan tempat utk foto atau Selfi ,jadi kalau TDK ke warung Asela sama sj kunjungan anda TDK lengkap dan kurang sempurna , Warung Asela keren banget",POSITIF
teguh wahyudi - Kalila,setahun lalu,2,"Lokasinya asyik...makanan ringan dan minumannya juga enak dg harga yg bersahabat, sayangnya belum sempat mengincipi seafoodnya karena belum laparğŸ˜… â€¦",POSITIF
Ronald Purba,setahun lalu,2,Ikan segar,POSITIF
Shalshal Syarsyar,setahun lalu,2,Fuyunghai Nya The Best,POSITIF
Suga Lio,setahun lalu,2,Bagus,POSITIF
Siti Salamah,setahun lalu,2,"Pemandangan alam dan lautnya indah, makanannya juga beragam, tempat nyaman",POSITIF
Anwar Uddin,setahun lalu,2,Warung makan yang harganya bersahabat di kantong dan tempatnya indah sekali.,POSITIF
Kurniawan Irwan,setahun lalu,2,Suasanax sih oke lumayan keren,POSITIF
SADDAM HUSIEN,setahun lalu,2,Tempat yang bagus di sore hari,POSITIF
Sabar In,setahun lalu,2,sip,POSITIF
ayu lestari,setahun lalu,2,"Bagus buat quality time bersama keluarga maupun sahabat, penyajian makanan lumayan lama. Rasa standart. Harga agak pricey. Bonusnya bisa makan sambil melihat laut",POSITIF
Laily Missgreen,setahun lalu,2,"Recommended banget, tempatnya nyaman makanannya lezat",POSITIF
Lasri Sugiarto,setahun lalu,2,Pemandangan pinggir pantai bagus,POSITIF
Wahyu S. Pambudi,setahun lalu,2,Salah satu rumah makan di daerah pamekasan - sampang dengan pemandangan laut yang bagus. Waktu terbaik sore menjelang malam menikmati sunset dan hidangan laut asela,POSITIF
Amrul Holisin,setahun lalu,2,keren abis....,POSITIF
ol ong,setahun lalu,2,Rame,POSITIF
tiya jayanti,setahun lalu,2,"Warung asela mantap sekali. Cocok untuk liburan keluarga atau hanya sekedar bersantai. Menu yang di sajikan juga banyak, berbagai macam pilihan. Mulai dari yang porsi pribadi hingga yang paket rame2. Menu andalannya tetap ikan bakar yang yummy...",POSITIF
Achmad Baidawi,setahun lalu,2,Nyaman,POSITIF
Fieroh MungielL,setahun lalu,2,Bagus Bnget Tempatnya Seru Dan Juga Ada Tempat SolatnyağŸ¤—ğŸ¥³ â€¦,POSITIF
Star Holiday Aldi Rifqi,setahun lalu,2,"Mantab, ayam bakar enak , gurami asam manis nya jg ok",POSITIF
Otan,setahun lalu,2,"Lumayan,",POSITIF
MISBAHUL MUNIR46,setahun lalu,2,"Tempat makan yg ada di kab sampang tempat yg ramah enak buat keluarga, teman, pacar dan sahabat pokoknya luar biasa tempatnya",POSITIF
Afgarina Chaca,setahun lalu,2,"Nyaman, estetik juga",POSITIF
Esti Purwani,setahun lalu,2,"Tempatnya lumayan asik buat nongkrong sambil mandang laut. Enaknya dateng sore2 menjelang sunset, walaupun gak bisa liat sunset dari sini ğŸ˜. Untuk makanan rasanya b aja, harga standar lah ya. â€¦",POSITIF
Hafid Kholil,setahun lalu,2,Tempatnya cozy parkiran luas,POSITIF
Muhyi S,setahun lalu,2,Tersedia makanan sea food yg mantap rasanya dengan aneka menu yg cocok utk seluruh keluarga,POSITIF
moch safi'i,setahun lalu,2,Sip lah,POSITIF
Agung Budiharto,setahun lalu,2,Mantap,POSITIF
Bayu Bagas,setahun lalu,2,"Pemandangannya juara, makanan biasa",POSITIF
Eko Wati,setahun lalu,2,Makanan nya enak dan terjangkau tempat nya keren,POSITIF
Tri maryatul Astutik (Tutut),setahun lalu,2,"Tempat nyaman,pemandangan indah,recomended dech",POSITIF
Ryan almuna,setahun lalu,2,siiip,POSITIF
Vier Rahayu,setahun lalu,2,"Pelayanan cepat, rasa enak, bersih dan harga sesuai.. Sayangnya ada waiter yang iseng buang botol aqua ke laut..",POSITIF
Muniri Muniri,setahun lalu,2,Menyukai,POSITIF
M Fakhrur Rohman,setahun lalu,2,Masakannya enak,POSITIF
Mariyana Kasim,setahun lalu,2,Tempatnya asik view langsung laut lepas,POSITIF
shofia_ annura,setahun lalu,2,"tempat makan yg bagus view nya
makanannya enak
intinya rekomendasi banget sama tempat makan yg satu ini",POSITIF
Abdul Kohar,setahun lalu,2,Makanan laut dengan pemandangan laut,POSITIF
BUDI SUSANTO,setahun lalu,2,Siip,POSITIF
mission impossible,setahun lalu,2,tempat yang pas buat refresh.... nyoba yuukkk...,POSITIF
moch alirsyad,setahun lalu,2,Pelyananya bgus cuma kurang krywan nya slbih nya bgus dan murahğŸ‘ğŸ˜Š â€¦,POSITIF
Sembarang Warga,setahun lalu,2,"Waktu masih baru sih bagus dan makanannya enak. Kalau sekarang, so so, ya di Sampang dapet begitu saja harusnya sudah bersyukur, tidak boleh mengeluh.",POSITIF
tino #12,setahun lalu,2,"tempat bagus,makanan juga enak. banyak spot foto untuk mengisi galeri sosmed",POSITIF
abdul rohim,setahun lalu,2,"Masakan nya enak, dengan konsep restoran mengapung / lebih tepatnya berada diatas pantai, sangat menarik untuk didatangi, apalagi saat sore dan malam hari, pemandangan nya sangat bagus dengan view laut lepas, namun untu untuk yang bawa anak kecil harap selalu di pantau, kuatir jatuh ke laut,",POSITIF
Lindsay Yonatan,setahun lalu,2,"Suasananya bagus, buka nya sampai jam 10 malam",POSITIF
Granito EP,setahun lalu,2,"Makanan cukup enak, udang bakarnya enak, cuma lama datangnya dan kadang salah yang datang",POSITIF
Fiya KS,setahun lalu,2,Berulang ke Madura ga pernah sekalipun ga mampir makan siang di Asela ğŸ˜„ â€¦,POSITIF
adhi pramono,setahun lalu,2,Cocok utk acara keluarga,POSITIF
Rahmat Wijaya,setahun lalu,2,Mantap,POSITIF
fariz rianayrafreya,setahun lalu,2,"View bagus pelayanan cepet ramah, mushola bersih",POSITIF
ilyas umar,setahun lalu,2,Warung yg enak buat makan.,POSITIF
ABM (Asli Bismania Madura),setahun lalu,2,Eksotik Harga eksekutif kelas bawah,POSITIF
Jumanah Saylo,setahun lalu,2,Tempatnya adem,POSITIF
Ahmad Farisi,setahun lalu,2,Dengan Adanya rm asela kini desa sejati jadi lebih indah,POSITIF
IS Sugiarto,setahun lalu,2,Pemandangannya indah... Masakannya enak... Bisa request sblmnya... Mantap..,POSITIF
ach zaini,setahun lalu,2,Mantap,POSITIF
Agus Budianto,setahun lalu,2,"Menunya mantap, harganya sesuai dengan rasa",POSITIF
Ketika Santri Berkarya,setahun lalu,2,Cukup bagus dan nyaman makanan standar,POSITIF
bagus tok,setahun lalu,2,makanannya enak dan lokasinya asik,POSITIF
Mohammad Suli,setahun lalu,2,Tempat makan pinggir pantai.. Tempat lumayan xaman.... Pelayanan masih kurang.. Ikan bakar faforet,POSITIF
hasan sampang,setahun lalu,2,Bagus,POSITIF
Amy Kwon,setahun lalu,2,Qw paling suka sama iga bakarnya enak banget... Seafood nya juga fresh... Rasa mantull... Dekorasi warungnya juga lumayan cantik... Mantep deh pokoknya,POSITIF
Abdul Malik,setahun lalu,2,Mantap,POSITIF
Raina Noor,setahun lalu,2,"Nyaman,makanannya enak2,cepat proses masaknya...pemandangannya oke..",POSITIF
Zain zain,setahun lalu,2,Bagus murah dan intagramebel,POSITIF
Akhmad Zaimi,setahun lalu,2,"Viewnya mantab, kalo makanannya standar. Harga murah",POSITIF
Anaaa,setahun lalu,2,"Tempatnya semakin bagus, pelayanannya gampang dan semakin ramah. Harganya juga sudah standart tidak terlalu mahal. Rasanya juga tidak diragukanğŸ‘ŒğŸ»
Fyi mending sebelumnya reservasi online dulu jadi nyampek sana langsung dihidangkan dan tidak menunggu lama â€¦",POSITIF
Agoenk Top Plus,setahun lalu,2,nyaman.... Merasakan kuliner seafood sambil menikmati suara deru ombak pantai...,POSITIF
Heroe ZieZoe,setahun lalu,2,View lumayan bagus cm makanan diluar expetasi banget..,POSITIF
Panji Nagara,setahun lalu,2,SANGAT MEMBANTU,POSITIF
Lina Dhani,setahun lalu,2,"Tempat nyaman, pelayanan cepat",POSITIF
ocal Sophan,setahun lalu,2,Bersih. Bisa melihat laut.,POSITIF
Ernaaa Wati,setahun lalu,2,"Saya sudah 3 kali ketempat ini,dan kebanyakan bersama Keluarga dan orang yang saya cintai.",POSITIF
Cak Avis94,setahun lalu,2,"Disamping tempatnya yang prospek, pelayanannya juga bagus. Kalau masalah menunya jangan diragukan lagi, insyaallah ajib ajib mantap. Bisa dikatakan RM ASELA meiliki frekuensi yang unggul.",POSITIF
Taufiq Rahman,setahun lalu,2,Mantappp,POSITIF
Izzati,setahun lalu,2,Enak,POSITIF
Lingga Kurniawan,setahun lalu,2,"tempatnya baguus...makan sambil wisata
pelayanan cepat..rasanya jg enaak
banyaak pilihaan menu makanan dan minuman.
ikaan..cumi..udang..ayam..aneka camilan dan banyak lagi ğŸ‘ğŸ‘ğŸ‘ â€¦",POSITIF
Gugut Prasetyo,setahun lalu,2,"Kalau lewat Camplong, wajib mampir disini, makanannya OK dan yg paling penting adalah spot fotonya luar biasa bagus... Apalagi kalau sore menjelang malam keren lokasinya",POSITIF
Oick Armstrong,setahun lalu,2,"Tempat yang bagus, makanan enak",POSITIF
Taufik Tricahyono,setahun lalu,2,"Apik, Santai, makanannya enak. Anginnya kencang",POSITIF
Ibrahim Nur,setahun lalu,2,Enak pinggir laut tapi kalau lama bisa masuk angin dech,POSITIF
Achmad Zubair,setahun lalu,2,Untuk masakan seafood baru kali ini saya nemu yg rasanya premium harga terjangkau tapi ada yg kurang sambalnya g pedes sama sekali,POSITIF
Zainur Rahman,setahun lalu,2,Mantul,POSITIF
sugix yanto,setahun lalu,2,Rumah makan dg nuansa pinggir pantai...asik makan sambil menikmati suasana laut. Tpi Penyajian makanan msh agak lama...,POSITIF
ulin adinne,setahun lalu,2,Byk spot yg cantik,POSITIF
Firman Syah,setahun lalu,2,Baik,POSITIF
Teguh Prawira,setahun lalu,2,Lumayan buat foto foto dan makanan nya enak,POSITIF
bayu indrajati,setahun lalu,2,Pemandangan laut yang bagus,POSITIF
Abu Yamim,setahun lalu,2,Seru dan asik,POSITIF
Khoirul A. Sahbillah,setahun lalu,2,Mantap,POSITIF
Fitri Lailatul,setahun lalu,2,Mantap,POSITIF
Riandono Pramaputro,setahun lalu,2,"kl ke Sampang, mampir ke Pantai Camplong.. stlh itu wajib ksini ğŸ‘ğŸ»
restonya makin gede & keren, pelayanannya tetap bagus, makanannya sll enak.. â€¦",POSITIF
RONI Soesanto,setahun lalu,2,mantap makan sambil memandang lau luas yg indah,POSITIF
Rahadyan Fareza,setahun lalu,2,Bagus ğŸ‘ğŸ‘ â€¦,POSITIF
Khilda_Mubarak channel,setahun lalu,2,"Enak, Instagramable",POSITIF
Ak. Surya,setahun lalu,2,"Warung makan yang sangat representatif, tidak kalah sama warung2 sejenis di pulau Jawa dan Bali, bagus untuk relasi dan rekan kerja/bisnis anda",POSITIF
Randy Harvian,setahun lalu,2,"Pecinta kuliner dimanapun berada wajib coba di Asela ini,tempat parkiran luas khusus mobil bisa masuk ke dalam halaman tidak di pinggir jalan,dikala senja pemandanganya bagus sekali dan lampuÂ² mulai di nyalakan,cocok untuk santai bersama keluarga maupun pasangan",POSITIF
Rohmatul Lailiyah (liya),setahun lalu,2,Tempat nya enak untuk santai dan makan bersama teman teman atau keluarga,POSITIF
Edy Cahyono,setahun lalu,2,Tempat asik nyaman dan santai,POSITIF
Desy Kuswandani,setahun lalu,2,Asela sekarang sangat banyak perubahan dari masakan dan tempat ...semuanya sangat memuaskan,POSITIF
Nuris Al Fairis (Senegal),setahun lalu,2,Cafe murah meriah,POSITIF
Zainal Abidin Hawasi,setahun lalu,2,"Hati tenang, perut kenyang...kuat",POSITIF
Luluk Maysuroh,setahun lalu,2,Ademmm + mantull,POSITIF
THE WAREHOUSE SURABAYA GETAR,setahun lalu,2,PELAYANAN YANG SANGAT CEPAT,POSITIF
raden taufik,setahun lalu,2,Alhamdulilla puas,POSITIF
RUANG LARA,setahun lalu,2,Tempat favorite,POSITIF
Sofwan maulana,setahun lalu,2,Memuaskan..,POSITIF
Zulvia,setahun lalu,2,Makanannya enak,POSITIF
Mas Sholaah,setahun lalu,2,Ini kesekian kalinya saya makan disini... Kesimpulannya tetap... Makanannya enakkk... Harganya sangat terjangkau...,POSITIF
MOH RAFLI AMIRUL IMAN,setahun lalu,2,Sangat bagus dan bersih makanannya enak sekaleee.,POSITIF
Gloria Bali Official,setahun lalu,2,"Lumayan bagus, harapan saya kebersihan lebih dtingkatkan, baik resto dan pantainya",POSITIF
Dimas Lazuardy Rizal,setahun lalu,2,"Tempat nyaman dengan suasana pinggir laut, sayang makanan yg saya pesan gurami telur asin. Saos telor asinnya kerasa amis. Semoga cuman saya saja yang mengalami ini. Slain itu good lah",POSITIF
ELLY CHANN,setahun lalu,2,Pemandangan laut nya bagus,POSITIF
Fitri Komala,setahun lalu,2,"Warungnya terbuka, jadi cukup aman buat kondisi pandemi seperti sekarang. Makanannya enak, walaupun agak mahal karena yang dijual adalah suasananya. Spot fotonya banyak, buat yang suka selfi atau foto objek. Ada mushola, toilet bersih banget, ada jual oleh-oleh. Jadi paket komplit lah kalo ke sini. Pas mampir ke Pamekasan, tempat ini bisa jadi tempat makan yang super nyaman.",POSITIF
Kedai ratu Zoya,setahun lalu,2,Puas banget pelayanannya dan makanannya enak banget,POSITIF
Nanang Kurniawan,setahun lalu,2,"Tempat dan makanan, top",POSITIF
Mohammad Zainal Majdiy,setahun lalu,2,Klo aku sich gak pernah makan cuman lewat aja tapi disana selalu ramai pengunjung,POSITIF
Bos Muda Kynan,setahun lalu,2,"Msakanx lumyan enak, tmpat mngikuti tren skrang, enak jg klo mkan breng sm temen/keluarga...",POSITIF
Farid Hendra Adidharma,setahun lalu,2,"Tempatnya bagus seh, cuma sayang krn lg kondisi pandemi akhirnya ndak bs mkn di tempat
Utk rasa makanan oke dan harga jg ndak mahal..",POSITIF
Azkiya Amatullah,setahun lalu,2,Strategis,POSITIF
Ashary Ady Putra (Prada Pasundan),setahun lalu,2,"Pelayanan sangat mantap, siap saji sangat cepat, mungkin karena pandemi tempat nya agak sepi, tapi dijamin kagak menyesal bisa ke tempat ini viem buat foto juga bagusÂ²",POSITIF
ISDATv Official,setahun lalu,2,Baik dan sempurna,POSITIF
Moh. Alif Alfaizar,setahun lalu,2,Sangat suka sekali,POSITIF
Nanik Ekawati,setahun lalu,2,Makanannya enak.. Tempatnya bagus.. Viewnya bagus banget..,POSITIF
BEk_ VErteidiger,setahun lalu,2,Sangat indah,POSITIF
Faky Doank,setahun lalu,2,"Apiiiik nyaman ,",POSITIF
febriyans -,setahun lalu,2,"Tempatnya sangat enak, dan membuat pw, enak bersama pasangan ataupun keluarga, neskipun harganya bisa dibilang agak sedikit mahal, tapi menurut saya worth it dengan tempat yang suguhkan",POSITIF
Kim Budiman,2 tahun lalu,2,Bagus tempatnya nyaman untuk bersantai bersama keluarga,POSITIF
MotoGP 93,2 tahun lalu,2,Tempat yg membuat nyaman dan damai,POSITIF
Yusron Surya Pranata,2 tahun lalu,2,"Rekomended, bersih, cepat, enak.",POSITIF
CR7 Fans Club,2 tahun lalu,2,Sangat luar biasa,POSITIF
Alesha,2 tahun lalu,2,"Warung makan yang terletak di tepi laut ini sangat cocok untuk malan bersama keluarga, teman, atau pasangan. Tempat ini juga memiliki spot foto instagenic dengan view sangat bagus apalagi sambil menikmati sunset",POSITIF
Angga ReAz,2 tahun lalu,2,Bagus,POSITIF
Fatimatuz 91,2 tahun lalu,2,Sukaa sekaliii...bagusss bnget viewx..cocok untuk selpa selphieğŸ˜ğŸ˜â¤ï¸â¤ï¸ â€¦,POSITIF
violetta moreco,2 tahun lalu,2,"Viewx bagus... makanan enak, harga standar...",POSITIF
Goodfood Sydan & Dzakky,2 tahun lalu,2,Momen bersama keluarga,POSITIF
Tamam Ajja,2 tahun lalu,2,Ramai,POSITIF
Dinda Amelia,2 tahun lalu,2,Enak nyaman tempatnya,POSITIF
imam syafie,2 tahun lalu,2,Mantab,POSITIF
Mohammad Shofi,2 tahun lalu,2,"Tempatnya bagus
Pelayanan ok",POSITIF
syam tamam,2 tahun lalu,2,Pentol dan kuahnya mantep,POSITIF
noni mukti,2 tahun lalu,2,"Tempat yang bagus untuk makan bersama keluarga. Sementara menunggu hidangan siap, bisa berfoto dengan pemandangan laut yang indah.",POSITIF
cak ucet,2 tahun lalu,2,"Langganan dari 2016. Lokasi mudah dijangkau. Dipinggir laut Meja makan yg variatif. Parkir luas. Harga sesuai rasa, terus berlangganan",POSITIF
Kang Pardek,2 tahun lalu,2,Makan sambil lihat pemandangan laut terasa nyaman.,POSITIF
Mul yadi,2 tahun lalu,2,tempatnya memuaskan hidangannya enak,POSITIF
Bang ipul,2 tahun lalu,2,Ayo kesini,POSITIF
Muhammad Azlansyah,2 tahun lalu,2,Makan siang ditemani pemandangan laut yg indah. BenarÂ² keren.ğŸ‘ â€¦,POSITIF
Hudi Cahjono,2 tahun lalu,2,Rekomended place,POSITIF
Abdi barri salam,setahun lalu,2,"Enak, terjangkau, banyak spot foto, instagramable, pemandangan lepas pantai",POSITIF
